lags,US,FRA,IRN,ITA,KOR
0,0.23181935,0.31242672,0.29714646,0.30193655,0.28057039
1,0.22948599,0.31771978,0.32686535,0.30193651,0.29767809
2,0.24363245,0.32881002,0.35002754,0.29931875,0.30145008
3,0.24472055,0.31296309,0.37457648,0.30130876,0.31369751
4,0.24855085,0.30478756,0.39304913,0.30647536,0.30930597
5,0.24014409,0.30750795,0.38205806,0.31476082,0.28975671
6,0.23417806,0.29653763,0.38279885,0.30730078,0.28754969
7,0.24025264,0.2779705,0.35442245,0.31566473,0.26751078
8,0.23550086,0.26366797,0.31690052,0.31042591,0.24179554
9,0.24521961,0.25027879,0.29959288,0.31543931,0.22909202
10,0.23993899,0.23256926,0.28787512,0.32376079,0.2154049
11,0.23584638,0.21780941,0.27702184,0.31622827,0.21216312
12,0.23439641,0.20482936,0.26219267,0.31255805,0.20137989
13,0.22927216,0.19412219,0.25987195,0.31426783,0.18796758
14,0.22006952,0.18463544,0.2600001,0.30907919,0.19035699
15,0.21544616,0.17757157,0.24156822,0.30068596,0.17919611
