adm0_name,removal_delay_0,removal_delay_1,removal_delay_2,removal_delay_3,removal_delay_4,removal_delay_5,removal_delay_6
CHN,0.07637990720815424,0.0784313725490196,0.08163265306122448,0.08333333333333333,0.08522163313724065,0.08599069538158179,0.08715953307392996
KOR,0.04712041884816754,0.046511627906976744,0.04597701149425287,0.0463556649221918,0.044694132334581776,0.043961352657004835,0.044444444444444446
pooled,0.07017543859649122,0.07234367333587745,0.07420866652134506,0.07692307692307693,0.07692307692307693,0.07787154479761484,0.07868937048503612
