adm0_name,gamma_est
CHN,0.07633587786259542
KOR,0.02857142857142857
pooled,0.07236616922234393
