adm0_name,gamma_est
CHN,0.07632450580140199
KOR,0.02857142857142857
pooled,0.07228915662650602
